{"stat.chestOpened":3,"stat.useItem.minecraft.command_block":4,"stat.flyOneCm":6005,"stat.deaths":4,"stat.walkOneCm":1486,"stat.useItem.minecraft.end_portal_frame":13,"stat.drop.minecraft.bedrock":1,"stat.useItem.minecraft.bedrock":55,"stat.drop":6,"stat.jump":8,"stat.useItem.minecraft.chest":2,"stat.playOneMinute":15921,"stat.leaveGame":2,"stat.sneakTime":2033,"stat.drop.minecraft.wooden_button":1,"stat.damageTaken":960,"stat.useItem.minecraft.wooden_button":4,"stat.pickup.minecraft.lava_bucket":1,"stat.crouchOneCm":2829,"stat.timeSinceDeath":9243,"stat.drop.minecraft.lava_bucket":2,"stat.drop.minecraft.end_portal_frame":1,"stat.drop.minecraft.command_block":1}